{"test/loss": 0.10827668756246567, "test_acc": 0.9497575759887695, "test_f1": 0.947415292263031, "test_aucroc": 0.9988211989402771}